[
    {
        "name": "hemant",
        "values": [
            {
                "key": "Physics",
                "y": 50
            },
            {
                "key": "Chemistry",
                "y": 59
            },
            {
                "key": "Math",
                "y": 58
            }
        ]
    },
    {
        "name": "Vinay",
        "values": [
            {
                "key": "Physics",
                "y": 10
            },
            {
                "key": "Chemistry",
                "y": 30
            },
            {
                "key": "Math",
                "y": 20
            }
        ]
    },
    {
        "name": "Varun",
        "values": [
            {
                "key": "Physics",
                "y": 38
            },
            {
                "key": "Chemistry",
                "y": 68
            },
            {
                "key": "Math",
                "y": 99
            }
        ]
    },
    {
        "name": "Ajay",
        "values": [
            {
                "key": "Physics",
                "y": 20
            },
            {
                "key": "Chemistry",
                "y": 59
            },
            {
                "key": "Math",
                "y": 78
            }
        ]
    },
    {
        "name": "Joy",
        "values": [
            {
                "key": "Physics",
                "y": 99
            },
            {
                "key": "Chemistry",
                "y": 30
            },
            {
                "key": "Math",
                "y": 87
            }
        ]
    },
    {
        "name": "Bidhan",
        "values": [
            {
                "key": "Physics",
                "y": 78
            },
            {
                "key": "Chemistry",
                "y": 68
            },
            {
                "key": "Math",
                "y": 99
            }
        ]
    },
    {
        "name": "Bharat",
        "values": [
            {
                "key": "Physics",
                "y": 50
            },
            {
                "key": "Chemistry",
                "y": 87
            },
            {
                "key": "Math",
                "y": 56
            }
        ]
    },
    {
        "name": "Kamal",
        "values": [
            {
                "key": "Physics",
                "y": 67
            },
            {
                "key": "Chemistry",
                "y": 90
            },
            {
                "key": "Math",
                "y": 32
            }
        ]
    },
    {
        "name": "Sheetal",
        "values": [
            {
                "key": "Physics",
                "y": 10
            },
            {
                "key": "Chemistry",
                "y": 68
            },
            {
                "key": "Math",
                "y": 37
            }
        ]
    }

]