[
    {
        "key": "Physics",
        "values": [
            {
                "y": 37,
                "x": "Hemant"
            },
            {
                "y": 45,
                "x": "Vinay"
            },
            {
                "y": 35,
                "x": "Joy"
            },
            {
                "y": 75,
                "x": "Bharat"
            },
            {
                "y": 55,
                "x": "Kamal"
            },
            {
                "y": 75,
                "x": "Bidhan"
            },
            {
                "y": 91,
                "x": "Varun"
            },
            {
                "y": 64,
                "x": "Arun"
            },
            {
                "y": 100,
                "x": "Mayank"
            },
            {
                "y": 82,
                "x": "Sheetal"
            }
        ]
    },
    {
        "key": "Chemistry",
        "values": [
            {
                "y": 50,
                "x": "Hemant"
            },
            {
                "y": 70,
                "x": "Vinay"
            },
            {
                "y": 10,
                "x": "Joy"
            },
            {
                "y": 89,
                "x": "Bharat"
            },
            {
                "y": 30,
                "x": "Kamal"
            },
            {
                "y": 87,
                "x": "Bidhan"
            },
            {
                "y": 71,
                "x": "Varun"
            },
            {
                "y": 64,
                "x": "Arun"
            },
            {
                "y": 30,
                "x": "Mayank"
            },
            {
                "y": 65,
                "x": "Sheetal"
            }
        ]
    },
    {
        "key": "Maths",
        "values": [
            {
                "y": 89,
                "x": "Hemant"
            },
            {
                "y": 90,
                "x": "Vinay"
            },
            {
                "y": 94,
                "x": "Joy"
            },
            {
                "y": 47,
                "x": "Bharat"
            },
            {
                "y": 20,
                "x": "Kamal"
            },
            {
                "y": 95,
                "x": "Bidhan"
            },
            {
                "y": 99,
                "x": "Varun"
            },
            {
                "y": 40,
                "x": "Arun"
            },
            {
                "y": 55,
                "x": "Mayank"
            },
            {
                "y": 39,
                "x": "Sheetal"
            }
        ]
    }
]